!HDR	PROD	VER	REL	IIFVER	DATE	TIME	ACCNTNT	ACCNTNTSPLITTIME									
HDR	QuickBooks Desktop Pro	Version 27.0D	Release R5P	1	2017-07-30	1501191278	N	0									
!TRNS	TRNSID	TRNSTYPE	DATE	ACCNT	NAME	CLASS	AMOUNT	DOCNUM	MEMO	CLEAR	TOPRINT	NAMEISTAXABLE	ADDR1	ADDR3	TERMS	SHIPVIA	SHIPDATE
!SPL	SPLID	TRNSTYPE	DATE	ACCNT	NAME	CLASS	AMOUNT	DOCNUM	MEMO	CLEAR	QNTY	PRICE	INVITEM	TAXABLE	OTHER2	YEARTODATE	WAGEBASE
!ENDTRNS																	
TRNS		INVOICE	08/01/2017	Accounts Receivable	1 Timothy -- Case, Richard		500		August 2017 Program Fees	N	Y	N					08/01/2017
SPL		INVOICE	08/01/2017	Program Fees:Program Fees - 1 Timothy			-500		August 2017 Program Fees	N	-1	500	Program Fee:. 1 Timothy	N		0	0
ENDTRNS																	
TRNS		INVOICE	08/01/2017	Accounts Receivable	1 Timothy -- Crumbliss, Richard		250		August 2017 Program Fees	N	Y	N					08/01/2017
SPL		INVOICE	08/01/2017	Program Fees:Program Fees - 1 Timothy			-250		August 2017 Program Fees	N	-1	250	Program Fee:. 1 Timothy	N		0	0
ENDTRNS																	
TRNS		INVOICE	08/01/2017	Accounts Receivable	1 Timothy -- England, Joshua		500		August 2017 Program Fees	N	Y	N					08/01/2017
SPL		INVOICE	08/01/2017	Program Fees:Program Fees - 1 Timothy			-500		August 2017 Program Fees	N	-1	500	Program Fee:. 1 Timothy	N		0	0
ENDTRNS																	
TRNS		INVOICE	08/01/2017	Accounts Receivable	1 Timothy -- Hainsey, William J		500		August 2017 Program Fees	N	Y	N					08/01/2017
SPL		INVOICE	08/01/2017	Program Fees:Program Fees - 1 Timothy			-500		August 2017 Program Fees	N	-1	500	Program Fee:. 1 Timothy	N		0	0
ENDTRNS																	
TRNS		INVOICE	08/01/2017	Accounts Receivable	1 Timothy -- Hayes, Byron		500		August 2017 Program Fees	N	Y	N					08/01/2017
SPL		INVOICE	08/01/2017	Program Fees:Program Fees - 1 Timothy			-500		August 2017 Program Fees	N	-1	500	Program Fee:. 1 Timothy	N		0	0
ENDTRNS																	
TRNS		INVOICE	08/01/2017	Accounts Receivable	1 Timothy -- Hurd, George		500		August 2017 Program Fees	N	Y	N					08/01/2017
SPL		INVOICE	08/01/2017	Program Fees:Program Fees - 1 Timothy			-500		August 2017 Program Fees	N	-1	500	Program Fee:. 1 Timothy	N		0	0
ENDTRNS																	
TRNS		INVOICE	08/01/2017	Accounts Receivable	1 Timothy -- Sanchez, Phillip		500		August 2017 Program Fees	N	Y	N					08/01/2017
SPL		INVOICE	08/01/2017	Program Fees:Program Fees - 1 Timothy			-500		August 2017 Program Fees	N	-1	500	Program Fee:. 1 Timothy	N		0	0
ENDTRNS																	
TRNS		INVOICE	08/01/2017	Accounts Receivable	1 Timothy -- Wrice, Milton		500		August 2017 Program Fees	N	Y	N					08/01/2017
SPL		INVOICE	08/01/2017	Program Fees:Program Fees - 1 Timothy			-500		August 2017 Program Fees	N	-1	500	Program Fee:. 1 Timothy	N		0	0
ENDTRNS																	
TRNS		INVOICE	08/01/2017	Accounts Receivable	@Galatians -- Scott, Dennis		400		August 2017 Program Fees	N	Y	N					08/01/2017
SPL		INVOICE	08/01/2017	Program Fees:Program Fees - Galatians			-400		August 2017 Program Fees	N	-1	400	Program Fee:. Galatians	N		0	0
ENDTRNS																	
TRNS		INVOICE	08/01/2017	Accounts Receivable	@Galatians -- Wright, Michael		400		August 2017 Program Fees	N	Y	N					08/01/2017
SPL		INVOICE	08/01/2017	Program Fees:Program Fees - Galatians			-400		August 2017 Program Fees	N	-1	400	Program Fee:. Galatians	N		0	0
ENDTRNS																	
TRNS		INVOICE	08/01/2017	Accounts Receivable	@James -- Gonzalez, Fred		400		August 2017 Program Fees	N	Y	N					08/01/2017
SPL		INVOICE	08/01/2017	Program Fees:Program Fees - James			-400		August 2017 Program Fees	N	-1	400	Program Fee:. James	N		0	0
ENDTRNS																	
TRNS		INVOICE	08/01/2017	Accounts Receivable	@James -- Harnasch, Steven		500		August 2017 Program Fees	N	Y	N					08/01/2017
SPL		INVOICE	08/01/2017	Program Fees:Program Fees - James			-500		August 2017 Program Fees	N	-1	500	Program Fee:. James	N		0	0
ENDTRNS																	
TRNS		INVOICE	08/01/2017	Accounts Receivable	@James -- Harris, Kevin		400		August 2017 Program Fees	N	Y	N					08/01/2017
SPL		INVOICE	08/01/2017	Program Fees:Program Fees - James			-400		August 2017 Program Fees	N	-1	400	Program Fee:. James	N		0	0
ENDTRNS																	
TRNS		INVOICE	08/01/2017	Accounts Receivable	@James -- Maynard, Clare		400		August 2017 Program Fees	N	Y	N					08/01/2017
SPL		INVOICE	08/01/2017	Program Fees:Program Fees - James			-400		August 2017 Program Fees	N	-1	400	Program Fee:. James	N		0	0
ENDTRNS																	
TRNS		INVOICE	08/01/2017	Accounts Receivable	@James -- Rogers, Ronald		400		August 2017 Program Fees	N	Y	N					08/01/2017
SPL		INVOICE	08/01/2017	Program Fees:Program Fees - James			-400		August 2017 Program Fees	N	-1	400	Program Fee:. James	N		0	0
ENDTRNS																	
TRNS		INVOICE	08/01/2017	Accounts Receivable	@Jeremiah -- Downer, Joshua		400		August 2017 Program Fees	N	Y	N					08/01/2017
SPL		INVOICE	08/01/2017	Program Fees:Program Fees - Jeremiah			-400		August 2017 Program Fees	N	-1	400	Program Fee:. Jeremiah	N		0	0
ENDTRNS																	
TRNS		INVOICE	08/01/2017	Accounts Receivable	@Jeremiah -- Hoyt, Terry		400		August 2017 Program Fees	N	Y	N					08/01/2017
SPL		INVOICE	08/01/2017	Program Fees:Program Fees - Jeremiah			-400		August 2017 Program Fees	N	-1	400	Program Fee:. Jeremiah	N		0	0
ENDTRNS																	
TRNS		INVOICE	08/01/2017	Accounts Receivable	@Jeremiah -- Pucci, Adam		400		August 2017 Program Fees	N	Y	N					08/01/2017
SPL		INVOICE	08/01/2017	Program Fees:Program Fees - Jeremiah			-400		August 2017 Program Fees	N	-1	400	Program Fee:. Jeremiah	N		0	0
ENDTRNS																	
TRNS		INVOICE	08/01/2017	Accounts Receivable	@Jeremiah -- Santos, Arnold		400		August 2017 Program Fees	N	Y	N					08/01/2017
SPL		INVOICE	08/01/2017	Program Fees:Program Fees - Jeremiah			-400		August 2017 Program Fees	N	-1	400	Program Fee:. Jeremiah	N		0	0
ENDTRNS																	
TRNS		INVOICE	08/01/2017	Accounts Receivable	@Jeremiah -- Zanck, Eric		400		August 2017 Program Fees	N	Y	N					08/01/2017
SPL		INVOICE	08/01/2017	Program Fees:Program Fees - Jeremiah			-400		August 2017 Program Fees	N	-1	400	Program Fee:. Jeremiah	N		0	0
ENDTRNS																	
TRNS		INVOICE	08/01/2017	Accounts Receivable	@Philippians -- Bocook, Jason		453.34		August 2017 Program Fees	N	Y	N					08/01/2017
SPL		INVOICE	08/01/2017	Pro-Rated Program Fees:. Philippians Voucher			-16		Program Fee per day @ 16.6666667	N	-16.6666667	266.67	Program Fee:. Philippians	N		0	0
SPL		INVOICE	08/01/2017	Pro-Rated Program Fees:. Philippians Non-Voucher			-14		Program Fee per day @ 13.3333333	N	-13.3333333	186.67	Program Fee:. Philippians	N		0	0
ENDTRNS																	
TRNS		INVOICE	08/01/2017	Accounts Receivable	@Philippians -- Bond, Thomas		470		August 2017 Program Fees	N	Y	N					08/01/2017
SPL		INVOICE	08/01/2017	Pro-Rated Program Fees:. Philippians Voucher			-21		Program Fee per day @ 16.6666667	N	-16.6666667	350	Program Fee:. Philippians	N		0	0
SPL		INVOICE	08/01/2017	Pro-Rated Program Fees:. Philippians Non-Voucher			-9		Program Fee per day @ 13.3333333	N	-13.3333333	120	Program Fee:. Philippians	N		0	0
ENDTRNS																	
TRNS		INVOICE	08/01/2017	Accounts Receivable	@Philippians -- Foley, Justin		420		August 2017 Program Fees	N	Y	N					08/01/2017
SPL		INVOICE	08/01/2017	Pro-Rated Program Fees:. Philippians Voucher			-6		Program Fee per day @ 16.6666667	N	-16.6666667	100	Program Fee:. Philippians	N		0	0
SPL		INVOICE	08/01/2017	Pro-Rated Program Fees:. Philippians Non-Voucher			-24		Program Fee per day @ 13.3333333	N	-13.3333333	320	Program Fee:. Philippians	N		0	0
ENDTRNS																	
TRNS		INVOICE	08/01/2017	Accounts Receivable	@Philippians -- Lovell, Van		400		August 2017 Program Fees	N	Y	N					08/01/2017
SPL		INVOICE	08/01/2017	Program Fees:Program Fees - Philippians			-400		August 2017 Program Fees	N	-1	400	Program Fee:. Philippians	N		0	0
ENDTRNS																	
TRNS		INVOICE	08/01/2017	Accounts Receivable	@Philippians -- Novak, Michael		500		August 2017 Program Fees	N	Y	N					08/01/2017
SPL		INVOICE	08/01/2017	Program Fees:Program Fees - Philippians			-500		August 2017 Program Fees	N	-1	500	Program Fee:. Philippians	N		0	0
ENDTRNS																	
TRNS		INVOICE	08/01/2017	Accounts Receivable	@Philippians -- Wells, Joshua		500		August 2017 Program Fees	N	Y	N					08/01/2017
SPL		INVOICE	08/01/2017	Pro-Rated Program Fees:. Philippians Voucher			-30		Program Fee per day @ 16.6666667	N	-16.6666667	500	Program Fee:. Philippians	N		0	0
SPL		INVOICE	08/01/2017	Pro-Rated Program Fees:. Philippians Non-Voucher			0		Program Fee per day @ 13.3333333	N	-13.3333333	0	Program Fee:. Philippians	N		0	0
ENDTRNS																	
TRNS		INVOICE	08/01/2017	Accounts Receivable	Barnabas -- Aguirre, Ricardo		500		August 2017 Program Fees	N	Y	N					08/01/2017
SPL		INVOICE	08/01/2017	Program Fees:Program Fees - Barnabas			-500		August 2017 Program Fees	N	-1	500	Program Fee:. Barnabas	N		0	0
ENDTRNS																	
TRNS		INVOICE	08/01/2017	Accounts Receivable	Barnabas -- Beckenhauer, Ken		500		August 2017 Program Fees	N	Y	N					08/01/2017
SPL		INVOICE	08/01/2017	Program Fees:Program Fees - Barnabas			-500		August 2017 Program Fees	N	-1	500	Program Fee:. Barnabas	N		0	0
ENDTRNS																	
TRNS		INVOICE	08/01/2017	Accounts Receivable	Barnabas -- Bowers, Michael		500		August 2017 Program Fees	N	Y	N					08/01/2017
SPL		INVOICE	08/01/2017	Program Fees:Program Fees - Barnabas			-500		August 2017 Program Fees	N	-1	500	Program Fee:. Barnabas	N		0	0
ENDTRNS																	
TRNS		INVOICE	08/01/2017	Accounts Receivable	Barnabas -- Martin, Ernest		500		August 2017 Program Fees	N	Y	N					08/01/2017
SPL		INVOICE	08/01/2017	Program Fees:Program Fees - Barnabas			-500		August 2017 Program Fees	N	-1	500	Program Fee:. Barnabas	N		0	0
ENDTRNS																	
TRNS		INVOICE	08/01/2017	Accounts Receivable	Barnabas -- Norman, Christopher		500		August 2017 Program Fees	N	Y	N					08/01/2017
SPL		INVOICE	08/01/2017	Program Fees:Program Fees - Barnabas			-500		August 2017 Program Fees	N	-1	500	Program Fee:. Barnabas	N		0	0
ENDTRNS																	
TRNS		INVOICE	08/01/2017	Accounts Receivable	Barnabas -- Poquette, Mark		250		August 2017 Program Fees	N	Y	N					08/01/2017
SPL		INVOICE	08/01/2017	Program Fees:Program Fees - Barnabas			-250		August 2017 Program Fees	N	-1	250	Program Fee:. Barnabas	N		0	0
ENDTRNS																	
TRNS		INVOICE	08/01/2017	Accounts Receivable	Barnabas -- Stroh, Jonathan		500		August 2017 Program Fees	N	Y	N					08/01/2017
SPL		INVOICE	08/01/2017	Program Fees:Program Fees - Barnabas			-500		August 2017 Program Fees	N	-1	500	Program Fee:. Barnabas	N		0	0
ENDTRNS																	
TRNS		INVOICE	08/01/2017	Accounts Receivable	Barnabas --Taylor, Jeffrey		500		August 2017 Program Fees	N	Y	N					08/01/2017
SPL		INVOICE	08/01/2017	Program Fees:Program Fees - Barnabas			-500		August 2017 Program Fees	N	-1	500	Program Fee:. Barnabas	N		0	0
ENDTRNS																	
TRNS		INVOICE	08/01/2017	Accounts Receivable	Daniel -- Bell, Warren		500		August 2017 Program Fees	N	Y	N					08/01/2017
SPL		INVOICE	08/01/2017	Program Fees:Program Fees - Daniel			-500		August 2017 Program Fees	N	-1	500	Program Fee:. Daniel	N		0	0
ENDTRNS																	
TRNS		INVOICE	08/01/2017	Accounts Receivable	Daniel -- Borders, Emanuel		500		August 2017 Program Fees	N	Y	N					08/01/2017
SPL		INVOICE	08/01/2017	Program Fees:Program Fees - Daniel			-500		August 2017 Program Fees	N	-1	500	Program Fee:. Daniel	N		0	0
ENDTRNS																	
TRNS		INVOICE	08/01/2017	Accounts Receivable	Daniel -- Carroll, Michael		500		August 2017 Program Fees	N	Y	N					08/01/2017
SPL		INVOICE	08/01/2017	Program Fees:Program Fees - Daniel			-500		August 2017 Program Fees	N	-1	500	Program Fee:. Daniel	N		0	0
ENDTRNS																	
TRNS		INVOICE	08/01/2017	Accounts Receivable	Daniel -- Dolan, Barry		250		August 2017 Program Fees	N	Y	N					08/01/2017
SPL		INVOICE	08/01/2017	Program Fees:Program Fees - Daniel			-250		August 2017 Program Fees	N	-1	250	Program Fee:. Daniel	N		0	0
ENDTRNS																	
TRNS		INVOICE	08/01/2017	Accounts Receivable	Daniel -- Hand, Takashi		500		August 2017 Program Fees	N	Y	N					08/01/2017
SPL		INVOICE	08/01/2017	Program Fees:Program Fees - Daniel			-500		August 2017 Program Fees	N	-1	500	Program Fee:. Daniel	N		0	0
ENDTRNS																	
TRNS		INVOICE	08/01/2017	Accounts Receivable	Daniel -- Mamoe, Eddie		500		August 2017 Program Fees	N	Y	N					08/01/2017
SPL		INVOICE	08/01/2017	Program Fees:Program Fees - Daniel			-500		August 2017 Program Fees	N	-1	500	Program Fee:. Daniel	N		0	0
ENDTRNS																	
TRNS		INVOICE	08/01/2017	Accounts Receivable	Daniel -- McDonald, Tracy		500		August 2017 Program Fees	N	Y	N					08/01/2017
SPL		INVOICE	08/01/2017	Program Fees:Program Fees - Daniel			-500		August 2017 Program Fees	N	-1	500	Program Fee:. Daniel	N		0	0
ENDTRNS																	
TRNS		INVOICE	08/01/2017	Accounts Receivable	Daniel -- McGowan, George		500		August 2017 Program Fees	N	Y	N					08/01/2017
SPL		INVOICE	08/01/2017	Program Fees:Program Fees - Daniel			-500		August 2017 Program Fees	N	-1	500	Program Fee:. Daniel	N		0	0
ENDTRNS																	
TRNS		INVOICE	08/01/2017	Accounts Receivable	Daniel -- Rima, Thomas		500		August 2017 Program Fees	N	Y	N					08/01/2017
SPL		INVOICE	08/01/2017	Program Fees:Program Fees - Daniel			-500		August 2017 Program Fees	N	-1	500	Program Fee:. Daniel	N		0	0
ENDTRNS																	
TRNS		INVOICE	08/01/2017	Accounts Receivable	Daniel -- Ritchey, Frederick		500		August 2017 Program Fees	N	Y	N					08/01/2017
SPL		INVOICE	08/01/2017	Program Fees:Program Fees - Daniel			-500		August 2017 Program Fees	N	-1	500	Program Fee:. Daniel	N		0	0
ENDTRNS																	
TRNS		INVOICE	08/01/2017	Accounts Receivable	Daniel -- St. Aubin, John		500		August 2017 Program Fees	N	Y	N					08/01/2017
SPL		INVOICE	08/01/2017	Program Fees:Program Fees - Daniel			-500		August 2017 Program Fees	N	-1	500	Program Fee:. Daniel	N		0	0
ENDTRNS																	
TRNS		INVOICE	08/01/2017	Accounts Receivable	Ezra -- Bowers, Richard		500		August 2017 Program Fees	N	Y	N					08/01/2017
SPL		INVOICE	08/01/2017	Program Fees:Program Fees - Ezra			-500		August 2017 Program Fees	N	-1	500	Program Fee:. Ezra	N		0	0
ENDTRNS																	
TRNS		INVOICE	08/01/2017	Accounts Receivable	Ezra -- DiPaula, Dylan		375		August 2017 Program Fees	N	Y	N					08/01/2017
SPL		INVOICE	08/01/2017	Program Fees:Program Fees - Ezra			-375		August 2017 Program Fees	N	-1	375	Program Fee:. Ezra	N		0	0
ENDTRNS																	
TRNS		INVOICE	08/01/2017	Accounts Receivable	Ezra -- Diaz, Steven		375		August 2017 Program Fees	N	Y	N					08/01/2017
SPL		INVOICE	08/01/2017	Program Fees:Program Fees - Ezra			-375		August 2017 Program Fees	N	-1	375	Program Fee:. Ezra	N		0	0
ENDTRNS																	
TRNS		INVOICE	08/01/2017	Accounts Receivable	Ezra -- Gonzales, Johnny		375		August 2017 Program Fees	N	Y	N					08/01/2017
SPL		INVOICE	08/01/2017	Program Fees:Program Fees - Ezra			-375		August 2017 Program Fees	N	-1	375	Program Fee:. Ezra	N		0	0
ENDTRNS																	
TRNS		INVOICE	08/01/2017	Accounts Receivable	Ezra -- Hedges, John		475		August 2017 Program Fees	N	Y	N					08/01/2017
SPL		INVOICE	08/01/2017	Pro-Rated Program Fees:. Ezra Voucher			-24		Program Fee per day @ 16.6666667	N	-16.6666667	400	Program Fee:. Ezra	N		0	0
SPL		INVOICE	08/01/2017	Pro-Rated Program Fees:. Ezra Non-Voucher			-6		Program Fee per day @ 12.50	N	-12.5	75	Program Fee:. Ezra	N		0	0
ENDTRNS																	
TRNS		INVOICE	08/01/2017	Accounts Receivable	Ezra -- McGarr, Shawn		375		August 2017 Program Fees	N	Y	N					08/01/2017
SPL		INVOICE	08/01/2017	Program Fees:Program Fees - Ezra			-375		August 2017 Program Fees	N	-1	375	Program Fee:. Ezra	N		0	0
ENDTRNS																	
TRNS		INVOICE	08/01/2017	Accounts Receivable	Ezra -- McMillen, David		375		August 2017 Program Fees	N	Y	N					08/01/2017
SPL		INVOICE	08/01/2017	Program Fees:Program Fees - Ezra			-375		August 2017 Program Fees	N	-1	375	Program Fee:. Ezra	N		0	0
ENDTRNS																	
TRNS		INVOICE	08/01/2017	Accounts Receivable	Ezra -- Pinon, Ramon		375		August 2017 Program Fees	N	Y	N					08/01/2017
SPL		INVOICE	08/01/2017	Program Fees:Program Fees - Ezra			-375		August 2017 Program Fees	N	-1	375	Program Fee:. Ezra	N		0	0
ENDTRNS																	
TRNS		INVOICE	08/01/2017	Accounts Receivable	Ezra -- Rivera, Daniel		375		August 2017 Program Fees	N	Y	N					08/01/2017
SPL		INVOICE	08/01/2017	Program Fees:Program Fees - Ezra			-375		August 2017 Program Fees	N	-1	375	Program Fee:. Ezra	N		0	0
ENDTRNS																	
TRNS		INVOICE	08/01/2017	Accounts Receivable	Ezra -- Sagrero, Jose		375		August 2017 Program Fees	N	Y	N					08/01/2017
SPL		INVOICE	08/01/2017	Program Fees:Program Fees - Ezra			-375		August 2017 Program Fees	N	-1	375	Program Fee:. Ezra	N		0	0
ENDTRNS																	
TRNS		INVOICE	08/01/2017	Accounts Receivable	Genesis 3 -- Lee, Michael		500		August 2017 Program Fees	N	Y	N					08/01/2017
SPL		INVOICE	08/01/2017	Program Fees:Program Fees - Genesis 3			-500		August 2017 Program Fees	N	-1	500	Program Fee:. Genesis 3	N		0	0
ENDTRNS																	
TRNS		INVOICE	08/01/2017	Accounts Receivable	Genesis 3 -- Leffall, Lawrence		500		August 2017 Program Fees	N	Y	N					08/01/2017
SPL		INVOICE	08/01/2017	Program Fees:Program Fees - Genesis 3			-500		August 2017 Program Fees	N	-1	500	Program Fee:. Genesis 3	N		0	0
ENDTRNS																	
TRNS		INVOICE	08/01/2017	Accounts Receivable	Genesis 3 -- Molina, Nestor		500		August 2017 Program Fees	N	Y	N					08/01/2017
SPL		INVOICE	08/01/2017	Program Fees:Program Fees - Genesis 3			-500		August 2017 Program Fees	N	-1	500	Program Fee:. Genesis 3	N		0	0
ENDTRNS																	
TRNS		INVOICE	08/01/2017	Accounts Receivable	Genesis 3 -- Pope, Billy		500		August 2017 Program Fees	N	Y	N					08/01/2017
SPL		INVOICE	08/01/2017	Program Fees:Program Fees - Genesis 3			-500		August 2017 Program Fees	N	-1	500	Program Fee:. Genesis 3	N		0	0
ENDTRNS																	
TRNS		INVOICE	08/01/2017	Accounts Receivable	Isaiah -- Carpenter, Patrick		500		August 2017 Program Fees	N	Y	N					08/01/2017
SPL		INVOICE	08/01/2017	Program Fees:Program Fees - Isaiah			-500		August 2017 Program Fees	N	-1	500	Program Fee:. Isaiah	N		0	0
ENDTRNS																	
TRNS		INVOICE	08/01/2017	Accounts Receivable	Isaiah -- Fazzino, Anthony		500		August 2017 Program Fees	N	Y	N					08/01/2017
SPL		INVOICE	08/01/2017	Program Fees:Program Fees - Isaiah			-500		August 2017 Program Fees	N	-1	500	Program Fee:. Isaiah	N		0	0
ENDTRNS																	
TRNS		INVOICE	08/01/2017	Accounts Receivable	Isaiah -- George, Duane		500		August 2017 Program Fees	N	Y	N					08/01/2017
SPL		INVOICE	08/01/2017	Program Fees:Program Fees - Isaiah			-500		August 2017 Program Fees	N	-1	500	Program Fee:. Isaiah	N		0	0
ENDTRNS																	
TRNS		INVOICE	08/01/2017	Accounts Receivable	Isaiah -- Jones, Stephen		500		August 2017 Program Fees	N	Y	N					08/01/2017
SPL		INVOICE	08/01/2017	Program Fees:Program Fees - Isaiah			-500		August 2017 Program Fees	N	-1	500	Program Fee:. Isaiah	N		0	0
ENDTRNS																	
TRNS		INVOICE	08/01/2017	Accounts Receivable	Isaiah -- Martinez, Oscar		500		August 2017 Program Fees	N	Y	N					08/01/2017
SPL		INVOICE	08/01/2017	Program Fees:Program Fees - Isaiah			-500		August 2017 Program Fees	N	-1	500	Program Fee:. Isaiah	N		0	0
ENDTRNS																	
TRNS		INVOICE	08/01/2017	Accounts Receivable	Isaiah -- Nutter, Neil		500		August 2017 Program Fees	N	Y	N					08/01/2017
SPL		INVOICE	08/01/2017	Program Fees:Program Fees - Isaiah			-500		August 2017 Program Fees	N	-1	500	Program Fee:. Isaiah	N		0	0
ENDTRNS																	
TRNS		INVOICE	08/01/2017	Accounts Receivable	Isaiah -- Solomon, Jerry		500		August 2017 Program Fees	N	Y	N					08/01/2017
SPL		INVOICE	08/01/2017	Program Fees:Program Fees - Isaiah			-500		August 2017 Program Fees	N	-1	500	Program Fee:. Isaiah	N		0	0
ENDTRNS																	
TRNS		INVOICE	08/01/2017	Accounts Receivable	Israel -- Armijo, Samuel		500		August 2017 Program Fees	N	Y	N					08/01/2017
SPL		INVOICE	08/01/2017	Program Fees:Program Fees - Israel			-500		August 2017 Program Fees	N	-1	500	Program Fee:. Israel	N		0	0
ENDTRNS																	
TRNS		INVOICE	08/01/2017	Accounts Receivable	Israel -- Coker, Jay		250		August 2017 Program Fees	N	Y	N					08/01/2017
SPL		INVOICE	08/01/2017	Program Fees:Program Fees - Israel			-250		August 2017 Program Fees	N	-1	250	Program Fee:. Israel	N		0	0
ENDTRNS																	
TRNS		INVOICE	08/01/2017	Accounts Receivable	Israel -- Diaz, John		500		August 2017 Program Fees	N	Y	N					08/01/2017
SPL		INVOICE	08/01/2017	Program Fees:Program Fees - Israel			-500		August 2017 Program Fees	N	-1	500	Program Fee:. Israel	N		0	0
ENDTRNS																	
TRNS		INVOICE	08/01/2017	Accounts Receivable	Israel -- Diggs, Harold		500		August 2017 Program Fees	N	Y	N					08/01/2017
SPL		INVOICE	08/01/2017	Program Fees:Program Fees - Israel			-500		August 2017 Program Fees	N	-1	500	Program Fee:. Israel	N		0	0
ENDTRNS																	
TRNS		INVOICE	08/01/2017	Accounts Receivable	Israel -- Hufferd, Peter		500		August 2017 Program Fees	N	Y	N					08/01/2017
SPL		INVOICE	08/01/2017	Program Fees:Program Fees - Israel			-500		August 2017 Program Fees	N	-1	500	Program Fee:. Israel	N		0	0
ENDTRNS																	
TRNS		INVOICE	08/01/2017	Accounts Receivable	Israel -- Johnson, Jason		500		August 2017 Program Fees	N	Y	N					08/01/2017
SPL		INVOICE	08/01/2017	Program Fees:Program Fees - Israel			-500		August 2017 Program Fees	N	-1	500	Program Fee:. Israel	N		0	0
ENDTRNS																	
TRNS		INVOICE	08/01/2017	Accounts Receivable	Israel -- Klug, Clint		500		August 2017 Program Fees	N	Y	N					08/01/2017
SPL		INVOICE	08/01/2017	Program Fees:Program Fees - Israel			-500		August 2017 Program Fees	N	-1	500	Program Fee:. Israel	N		0	0
ENDTRNS																	
TRNS		INVOICE	08/01/2017	Accounts Receivable	Israel -- Temple, Chris		500		August 2017 Program Fees	N	Y	N					08/01/2017
SPL		INVOICE	08/01/2017	Program Fees:Program Fees - Israel			-500		August 2017 Program Fees	N	-1	500	Program Fee:. Israel	N		0	0
ENDTRNS																	
TRNS		INVOICE	08/01/2017	Accounts Receivable	John -- Ace, Travis		250		August 2017 Program Fees	N	Y	N					08/01/2017
SPL		INVOICE	08/01/2017	Program Fees:Program Fees - John			-250		August 2017 Program Fees	N	-1	250	Program Fee:. John	N		0	0
ENDTRNS																	
TRNS		INVOICE	08/01/2017	Accounts Receivable	John -- Burch, Lance		500		August 2017 Program Fees	N	Y	N					08/01/2017
SPL		INVOICE	08/01/2017	Program Fees:Program Fees - John			-500		August 2017 Program Fees	N	-1	500	Program Fee:. John	N		0	0
ENDTRNS																	
TRNS		INVOICE	08/01/2017	Accounts Receivable	John -- Holly, William		500		August 2017 Program Fees	N	Y	N					08/01/2017
SPL		INVOICE	08/01/2017	Program Fees:Program Fees - John			-500		August 2017 Program Fees	N	-1	500	Program Fee:. John	N		0	0
ENDTRNS																	
TRNS		INVOICE	08/01/2017	Accounts Receivable	John -- Levy, Scott		500		August 2017 Program Fees	N	Y	N					08/01/2017
SPL		INVOICE	08/01/2017	Program Fees:Program Fees - John			-500		August 2017 Program Fees	N	-1	500	Program Fee:. John	N		0	0
ENDTRNS																	
TRNS		INVOICE	08/01/2017	Accounts Receivable	John -- Milligan, Marc		500		August 2017 Program Fees	N	Y	N					08/01/2017
SPL		INVOICE	08/01/2017	Program Fees:Program Fees - John			-500		August 2017 Program Fees	N	-1	500	Program Fee:. John	N		0	0
ENDTRNS																	
TRNS		INVOICE	08/01/2017	Accounts Receivable	Joshua -- Cone, Douglas		500		August 2017 Program Fees	N	Y	N					08/01/2017
SPL		INVOICE	08/01/2017	Program Fees:Program Fees - Joshua			-500		August 2017 Program Fees	N	-1	500	Program Fee:. Joshua	N		0	0
ENDTRNS																	
TRNS		INVOICE	08/01/2017	Accounts Receivable	Joshua -- Creed, Edward		500		August 2017 Program Fees	N	Y	N					08/01/2017
SPL		INVOICE	08/01/2017	Program Fees:Program Fees - Joshua			-500		August 2017 Program Fees	N	-1	500	Program Fee:. Joshua	N		0	0
ENDTRNS																	
TRNS		INVOICE	08/01/2017	Accounts Receivable	Joshua -- Davis, Steven		500		August 2017 Program Fees	N	Y	N					08/01/2017
SPL		INVOICE	08/01/2017	Program Fees:Program Fees - Joshua			-500		August 2017 Program Fees	N	-1	500	Program Fee:. Joshua	N		0	0
ENDTRNS																	
TRNS		INVOICE	08/01/2017	Accounts Receivable	Joshua -- Edick, Stephen		500		August 2017 Program Fees	N	Y	N					08/01/2017
SPL		INVOICE	08/01/2017	Program Fees:Program Fees - Joshua			-500		August 2017 Program Fees	N	-1	500	Program Fee:. Joshua	N		0	0
ENDTRNS																	
TRNS		INVOICE	08/01/2017	Accounts Receivable	Joshua -- Elmgren, Alan		500		August 2017 Program Fees	N	Y	N					08/01/2017
SPL		INVOICE	08/01/2017	Program Fees:Program Fees - Joshua			-500		August 2017 Program Fees	N	-1	500	Program Fee:. Joshua	N		0	0
ENDTRNS																	
TRNS		INVOICE	08/01/2017	Accounts Receivable	Joshua -- Fallentine, Conrad		500		August 2017 Program Fees	N	Y	N					08/01/2017
SPL		INVOICE	08/01/2017	Program Fees:Program Fees - Joshua			-500		August 2017 Program Fees	N	-1	500	Program Fee:. Joshua	N		0	0
ENDTRNS																	
TRNS		INVOICE	08/01/2017	Accounts Receivable	Joshua -- Franklin, John		500		August 2017 Program Fees	N	Y	N					08/01/2017
SPL		INVOICE	08/01/2017	Program Fees:Program Fees - Joshua			-500		August 2017 Program Fees	N	-1	500	Program Fee:. Joshua	N		0	0
ENDTRNS																	
TRNS		INVOICE	08/01/2017	Accounts Receivable	Joshua -- French, James		500		August 2017 Program Fees	N	Y	N					08/01/2017
SPL		INVOICE	08/01/2017	Program Fees:Program Fees - Joshua			-500		August 2017 Program Fees	N	-1	500	Program Fee:. Joshua	N		0	0
ENDTRNS																	
TRNS		INVOICE	08/01/2017	Accounts Receivable	Joshua -- Hill, Joseph		500		August 2017 Program Fees	N	Y	N					08/01/2017
SPL		INVOICE	08/01/2017	Program Fees:Program Fees - Joshua			-500		August 2017 Program Fees	N	-1	500	Program Fee:. Joshua	N		0	0
ENDTRNS																	
TRNS		INVOICE	08/01/2017	Accounts Receivable	Joshua -- Mehrens, James		500		August 2017 Program Fees	N	Y	N					08/01/2017
SPL		INVOICE	08/01/2017	Program Fees:Program Fees - Joshua			-500		August 2017 Program Fees	N	-1	500	Program Fee:. Joshua	N		0	0
ENDTRNS																	
TRNS		INVOICE	08/01/2017	Accounts Receivable	Joshua -- Myers, Anthony		500		August 2017 Program Fees	N	Y	N					08/01/2017
SPL		INVOICE	08/01/2017	Program Fees:Program Fees - Joshua			-500		August 2017 Program Fees	N	-1	500	Program Fee:. Joshua	N		0	0
ENDTRNS																	
TRNS		INVOICE	08/01/2017	Accounts Receivable	Joshua -- Neumann, Don		500		August 2017 Program Fees	N	Y	N					08/01/2017
SPL		INVOICE	08/01/2017	Program Fees:Program Fees - Joshua			-500		August 2017 Program Fees	N	-1	500	Program Fee:. Joshua	N		0	0
ENDTRNS																	
TRNS		INVOICE	08/01/2017	Accounts Receivable	Joshua -- Runnels, Joseph		250		August 2017 Program Fees	N	Y	N					08/01/2017
SPL		INVOICE	08/01/2017	Program Fees:Program Fees - Joshua			-250		August 2017 Program Fees	N	-1	250	Program Fee:. Joshua	N		0	0
ENDTRNS																	
TRNS		INVOICE	08/01/2017	Accounts Receivable	Joshua -- Schindewolf, Sean		500		August 2017 Program Fees	N	Y	N					08/01/2017
SPL		INVOICE	08/01/2017	Program Fees:Program Fees - Joshua			-500		August 2017 Program Fees	N	-1	500	Program Fee:. Joshua	N		0	0
ENDTRNS																	
TRNS		INVOICE	08/01/2017	Accounts Receivable	Joshua -- Slighte, Jason		500		August 2017 Program Fees	N	Y	N					08/01/2017
SPL		INVOICE	08/01/2017	Program Fees:Program Fees - Joshua			-500		August 2017 Program Fees	N	-1	500	Program Fee:. Joshua	N		0	0
ENDTRNS																	
TRNS		INVOICE	08/01/2017	Accounts Receivable	Light -- Barcenas, Jesus		500		August 2017 Program Fees	N	Y	N					08/01/2017
SPL		INVOICE	08/01/2017	Program Fees:Program Fees - Light			-500		August 2017 Program Fees	N	-1	500	Program Fee:. Light	N		0	0
ENDTRNS																	
TRNS		INVOICE	08/01/2017	Accounts Receivable	Light -- Black, Hugh		500		August 2017 Program Fees	N	Y	N					08/01/2017
SPL		INVOICE	08/01/2017	Program Fees:Program Fees - Light			-500		August 2017 Program Fees	N	-1	500	Program Fee:. Light	N		0	0
ENDTRNS																	
TRNS		INVOICE	08/01/2017	Accounts Receivable	Light -- Bravo-Flores, Melvyn		500		August 2017 Program Fees	N	Y	N					08/01/2017
SPL		INVOICE	08/01/2017	Program Fees:Program Fees - Light			-500		August 2017 Program Fees	N	-1	500	Program Fee:. Light	N		0	0
ENDTRNS																	
TRNS		INVOICE	08/01/2017	Accounts Receivable	Light -- Britt, Eric		500		August 2017 Program Fees	N	Y	N					08/01/2017
SPL		INVOICE	08/01/2017	Program Fees:Program Fees - Light			-500		August 2017 Program Fees	N	-1	500	Program Fee:. Light	N		0	0
ENDTRNS																	
TRNS		INVOICE	08/01/2017	Accounts Receivable	Light -- Hernandez, Ramon		500		August 2017 Program Fees	N	Y	N					08/01/2017
SPL		INVOICE	08/01/2017	Program Fees:Program Fees - Light			-500		August 2017 Program Fees	N	-1	500	Program Fee:. Light	N		0	0
ENDTRNS																	
TRNS		INVOICE	08/01/2017	Accounts Receivable	Light -- Pineda, William		500		August 2017 Program Fees	N	Y	N					08/01/2017
SPL		INVOICE	08/01/2017	Program Fees:Program Fees - Light			-500		August 2017 Program Fees	N	-1	500	Program Fee:. Light	N		0	0
ENDTRNS																	
TRNS		INVOICE	08/01/2017	Accounts Receivable	Light -- Schriener, David		250		August 2017 Program Fees	N	Y	N					08/01/2017
SPL		INVOICE	08/01/2017	Program Fees:Program Fees - Light			-250		August 2017 Program Fees	N	-1	250	Program Fee:. Light	N		0	0
ENDTRNS																	
TRNS		INVOICE	08/01/2017	Accounts Receivable	Light -- Stephens, Jimmie		500		August 2017 Program Fees	N	Y	N					08/01/2017
SPL		INVOICE	08/01/2017	Program Fees:Program Fees - Light			-500		August 2017 Program Fees	N	-1	500	Program Fee:. Light	N		0	0
ENDTRNS																	
TRNS		INVOICE	08/01/2017	Accounts Receivable	Light -- Teel, Patrick		500		August 2017 Program Fees	N	Y	N					08/01/2017
SPL		INVOICE	08/01/2017	Program Fees:Program Fees - Light			-500		August 2017 Program Fees	N	-1	500	Program Fee:. Light	N		0	0
ENDTRNS																	
TRNS		INVOICE	08/01/2017	Accounts Receivable	Luke -- Collins, Michael		500		August 2017 Program Fees	N	Y	N					08/01/2017
SPL		INVOICE	08/01/2017	Program Fees:Program Fees - Luke			-500		August 2017 Program Fees	N	-1	500	Program Fee:. Luke	N		0	0
ENDTRNS																	
TRNS		INVOICE	08/01/2017	Accounts Receivable	Luke -- Crowther, Jack		500		August 2017 Program Fees	N	Y	N					08/01/2017
SPL		INVOICE	08/01/2017	Program Fees:Program Fees - Luke			-500		August 2017 Program Fees	N	-1	500	Program Fee:. Luke	N		0	0
ENDTRNS																	
TRNS		INVOICE	08/01/2017	Accounts Receivable	Luke -- Gladney, Barron		500		August 2017 Program Fees	N	Y	N					08/01/2017
SPL		INVOICE	08/01/2017	Program Fees:Program Fees - Luke			-500		August 2017 Program Fees	N	-1	500	Program Fee:. Luke	N		0	0
ENDTRNS																	
TRNS		INVOICE	08/01/2017	Accounts Receivable	Luke -- Manago, Johnny		500		August 2017 Program Fees	N	Y	N					08/01/2017
SPL		INVOICE	08/01/2017	Program Fees:Program Fees - Luke			-500		August 2017 Program Fees	N	-1	500	Program Fee:. Luke	N		0	0
ENDTRNS																	
TRNS		INVOICE	08/01/2017	Accounts Receivable	Luke -- Montoya, Bill		500		August 2017 Program Fees	N	Y	N					08/01/2017
SPL		INVOICE	08/01/2017	Program Fees:Program Fees - Luke			-500		August 2017 Program Fees	N	-1	500	Program Fee:. Luke	N		0	0
ENDTRNS																	
TRNS		INVOICE	08/01/2017	Accounts Receivable	Luke -- Piggee, Dante		500		August 2017 Program Fees	N	Y	N					08/01/2017
SPL		INVOICE	08/01/2017	Program Fees:Program Fees - Luke			-500		August 2017 Program Fees	N	-1	500	Program Fee:. Luke	N		0	0
ENDTRNS																	
TRNS		INVOICE	08/01/2017	Accounts Receivable	Luke -- Yewondwossen, Abetew		500		August 2017 Program Fees	N	Y	N					08/01/2017
SPL		INVOICE	08/01/2017	Program Fees:Program Fees - Luke			-500		August 2017 Program Fees	N	-1	500	Program Fee:. Luke	N		0	0
ENDTRNS																	
TRNS		INVOICE	08/01/2017	Accounts Receivable	Mark -- Birchall, Timothy		500		August 2017 Program Fees	N	Y	N					08/01/2017
SPL		INVOICE	08/01/2017	Program Fees:Program Fees - Mark			-500		August 2017 Program Fees	N	-1	500	Program Fee:. Mark	N		0	0
ENDTRNS																	
TRNS		INVOICE	08/01/2017	Accounts Receivable	Mark -- Cornejo, Mark		500		August 2017 Program Fees	N	Y	N					08/01/2017
SPL		INVOICE	08/01/2017	Program Fees:Program Fees - Mark			-500		August 2017 Program Fees	N	-1	500	Program Fee:. Mark	N		0	0
ENDTRNS																	
TRNS		INVOICE	08/01/2017	Accounts Receivable	Mark -- Green, Christian		500		August 2017 Program Fees	N	Y	N					08/01/2017
SPL		INVOICE	08/01/2017	Program Fees:Program Fees - Mark			-500		August 2017 Program Fees	N	-1	500	Program Fee:. Mark	N		0	0
ENDTRNS																	
TRNS		INVOICE	08/01/2017	Accounts Receivable	Mark -- Jones, Robert		500		August 2017 Program Fees	N	Y	N					08/01/2017
SPL		INVOICE	08/01/2017	Program Fees:Program Fees - Mark			-500		August 2017 Program Fees	N	-1	500	Program Fee:. Mark	N		0	0
ENDTRNS																	
TRNS		INVOICE	08/01/2017	Accounts Receivable	Mark -- Lopez, Rogelio		500		August 2017 Program Fees	N	Y	N					08/01/2017
SPL		INVOICE	08/01/2017	Program Fees:Program Fees - Mark			-500		August 2017 Program Fees	N	-1	500	Program Fee:. Mark	N		0	0
ENDTRNS																	
TRNS		INVOICE	08/01/2017	Accounts Receivable	Mark -- Martin, Timothy		500		August 2017 Program Fees	N	Y	N					08/01/2017
SPL		INVOICE	08/01/2017	Program Fees:Program Fees - Mark			-500		August 2017 Program Fees	N	-1	500	Program Fee:. Mark	N		0	0
ENDTRNS																	
TRNS		INVOICE	08/01/2017	Accounts Receivable	Mark -- McGregor, Douglas		250		August 2017 Program Fees	N	Y	N					08/01/2017
SPL		INVOICE	08/01/2017	Program Fees:Program Fees - Mark			-250		August 2017 Program Fees	N	-1	250	Program Fee:. Mark	N		0	0
ENDTRNS																	
TRNS		INVOICE	08/01/2017	Accounts Receivable	Mark -- Webber, Alan		500		August 2017 Program Fees	N	Y	N					08/01/2017
SPL		INVOICE	08/01/2017	Program Fees:Program Fees - Mark			-500		August 2017 Program Fees	N	-1	500	Program Fee:. Mark	N		0	0
ENDTRNS																	
TRNS		INVOICE	08/01/2017	Accounts Receivable	Matthew -- Drown, Keith		500		August 2017 Program Fees	N	Y	N					08/01/2017
SPL		INVOICE	08/01/2017	Program Fees:Program Fees - Matthew			-500		August 2017 Program Fees	N	-1	500	Program Fee:. Matthew	N		0	0
ENDTRNS																	
TRNS		INVOICE	08/01/2017	Accounts Receivable	Matthew -- Myers, James		500		August 2017 Program Fees	N	Y	N					08/01/2017
SPL		INVOICE	08/01/2017	Program Fees:Program Fees - Matthew			-500		August 2017 Program Fees	N	-1	500	Program Fee:. Matthew	N		0	0
ENDTRNS																	
TRNS		INVOICE	08/01/2017	Accounts Receivable	Matthew -- Olson, Craig		500		August 2017 Program Fees	N	Y	N					08/01/2017
SPL		INVOICE	08/01/2017	Program Fees:Program Fees - Matthew			-500		August 2017 Program Fees	N	-1	500	Program Fee:. Matthew	N		0	0
ENDTRNS																	
TRNS		INVOICE	08/01/2017	Accounts Receivable	Matthew -- Portch, Andrew		500		August 2017 Program Fees	N	Y	N					08/01/2017
SPL		INVOICE	08/01/2017	Program Fees:Program Fees - Matthew			-500		August 2017 Program Fees	N	-1	500	Program Fee:. Matthew	N		0	0
ENDTRNS																	
TRNS		INVOICE	08/01/2017	Accounts Receivable	Matthew -- Scott, Ryan		500		August 2017 Program Fees	N	Y	N					08/01/2017
SPL		INVOICE	08/01/2017	Program Fees:Program Fees - Matthew			-500		August 2017 Program Fees	N	-1	500	Program Fee:. Matthew	N		0	0
ENDTRNS																	
TRNS		INVOICE	08/01/2017	Accounts Receivable	Matthew -- Sorensen, Russell		250		August 2017 Program Fees	N	Y	N					08/01/2017
SPL		INVOICE	08/01/2017	Program Fees:Program Fees - Matthew			-250		August 2017 Program Fees	N	-1	250	Program Fee:. Matthew	N		0	0
ENDTRNS																	
TRNS		INVOICE	08/01/2017	Accounts Receivable	Matthew -- Wright, Eric		500		August 2017 Program Fees	N	Y	N					08/01/2017
SPL		INVOICE	08/01/2017	Program Fees:Program Fees - Matthew			-500		August 2017 Program Fees	N	-1	500	Program Fee:. Matthew	N		0	0
ENDTRNS																	
TRNS		INVOICE	08/01/2017	Accounts Receivable	Paul -- Burns-Thompson, Andrew		500		August 2017 Program Fees	N	Y	N					08/01/2017
SPL		INVOICE	08/01/2017	Program Fees:Program Fees - Paul			-500		August 2017 Program Fees	N	-1	500	Program Fee:. Paul	N		0	0
ENDTRNS																	
TRNS		INVOICE	08/01/2017	Accounts Receivable	Paul -- Cockerham, Jeremy		500		August 2017 Program Fees	N	Y	N					08/01/2017
SPL		INVOICE	08/01/2017	Program Fees:Program Fees - Paul			-500		August 2017 Program Fees	N	-1	500	Program Fee:. Paul	N		0	0
ENDTRNS																	
TRNS		INVOICE	08/01/2017	Accounts Receivable	Paul -- Lacher, Michael		500		August 2017 Program Fees	N	Y	N					08/01/2017
SPL		INVOICE	08/01/2017	Program Fees:Program Fees - Paul			-500		August 2017 Program Fees	N	-1	500	Program Fee:. Paul	N		0	0
ENDTRNS																	
TRNS		INVOICE	08/01/2017	Accounts Receivable	Paul -- Lindsey, Ronald		500		August 2017 Program Fees	N	Y	N					08/01/2017
SPL		INVOICE	08/01/2017	Program Fees:Program Fees - Paul			-500		August 2017 Program Fees	N	-1	500	Program Fee:. Paul	N		0	0
ENDTRNS																	
TRNS		INVOICE	08/01/2017	Accounts Receivable	Paul -- Macias, Angel		500		August 2017 Program Fees	N	Y	N					08/01/2017
SPL		INVOICE	08/01/2017	Program Fees:Program Fees - Paul			-500		August 2017 Program Fees	N	-1	500	Program Fee:. Paul	N		0	0
ENDTRNS																	
TRNS		INVOICE	08/01/2017	Accounts Receivable	Paul -- McGee, Dosson		500		August 2017 Program Fees	N	Y	N					08/01/2017
SPL		INVOICE	08/01/2017	Program Fees:Program Fees - Paul			-500		August 2017 Program Fees	N	-1	500	Program Fee:. Paul	N		0	0
ENDTRNS																	
TRNS		INVOICE	08/01/2017	Accounts Receivable	Paul -- Stidons, Tamarcus		500		August 2017 Program Fees	N	Y	N					08/01/2017
SPL		INVOICE	08/01/2017	Program Fees:Program Fees - Paul			-500		August 2017 Program Fees	N	-1	500	Program Fee:. Paul	N		0	0
ENDTRNS																	
TRNS		INVOICE	08/01/2017	Accounts Receivable	Paul -- Washington, Kenneth		500		August 2017 Program Fees	N	Y	N					08/01/2017
SPL		INVOICE	08/01/2017	Program Fees:Program Fees - Paul			-500		August 2017 Program Fees	N	-1	500	Program Fee:. Paul	N		0	0
ENDTRNS																	
TRNS		INVOICE	08/01/2017	Accounts Receivable	Peter -- Dailey, Owen		500		August 2017 Program Fees	N	Y	N					08/01/2017
SPL		INVOICE	08/01/2017	Program Fees:Program Fees - Peter			-500		August 2017 Program Fees	N	-1	500	Program Fee:. Peter	N		0	0
ENDTRNS																	
TRNS		INVOICE	08/01/2017	Accounts Receivable	Peter -- Dalton, Nathan		500		August 2017 Program Fees	N	Y	N					08/01/2017
SPL		INVOICE	08/01/2017	Program Fees:Program Fees - Peter			-500		August 2017 Program Fees	N	-1	500	Program Fee:. Peter	N		0	0
ENDTRNS																	
TRNS		INVOICE	08/01/2017	Accounts Receivable	Peter -- Keeno, Frank		500		August 2017 Program Fees	N	Y	N					08/01/2017
SPL		INVOICE	08/01/2017	Program Fees:Program Fees - Peter			-500		August 2017 Program Fees	N	-1	500	Program Fee:. Peter	N		0	0
ENDTRNS																	
TRNS		INVOICE	08/01/2017	Accounts Receivable	Peter -- Lackey, Jason		500		August 2017 Program Fees	N	Y	N					08/01/2017
SPL		INVOICE	08/01/2017	Program Fees:Program Fees - Peter			-500		August 2017 Program Fees	N	-1	500	Program Fee:. Peter	N		0	0
ENDTRNS																	
TRNS		INVOICE	08/01/2017	Accounts Receivable	Peter -- Lubialuli, George		500		August 2017 Program Fees	N	Y	N					08/01/2017
SPL		INVOICE	08/01/2017	Program Fees:Program Fees - Peter			-500		August 2017 Program Fees	N	-1	500	Program Fee:. Peter	N		0	0
ENDTRNS																	
TRNS		INVOICE	08/01/2017	Accounts Receivable	Peter -- Melvin, Michael		250		August 2017 Program Fees	N	Y	N					08/01/2017
SPL		INVOICE	08/01/2017	Program Fees:Program Fees - Peter			-250		August 2017 Program Fees	N	-1	250	Program Fee:. Peter	N		0	0
ENDTRNS																	
TRNS		INVOICE	08/01/2017	Accounts Receivable	Peter -- Shirk, Jerry		500		August 2017 Program Fees	N	Y	N					08/01/2017
SPL		INVOICE	08/01/2017	Program Fees:Program Fees - Peter			-500		August 2017 Program Fees	N	-1	500	Program Fee:. Peter	N		0	0
ENDTRNS																	
TRNS		INVOICE	08/01/2017	Accounts Receivable	Romans -- Castilla, Julio		500		August 2017 Program Fees	N	Y	N					08/01/2017
SPL		INVOICE	08/01/2017	Program Fees:Program Fees - Romans			-500		August 2017 Program Fees	N	-1	500	Program Fee:. Romans	N		0	0
ENDTRNS																	
TRNS		INVOICE	08/01/2017	Accounts Receivable	Romans -- Clanton, Timothy		500		August 2017 Program Fees	N	Y	N					08/01/2017
SPL		INVOICE	08/01/2017	Program Fees:Program Fees - Romans			-500		August 2017 Program Fees	N	-1	500	Program Fee:. Romans	N		0	0
ENDTRNS																	
TRNS		INVOICE	08/01/2017	Accounts Receivable	Romans -- Hartwell, Greg		500		August 2017 Program Fees	N	Y	N					08/01/2017
SPL		INVOICE	08/01/2017	Program Fees:Program Fees - Romans			-500		August 2017 Program Fees	N	-1	500	Program Fee:. Romans	N		0	0
ENDTRNS																	
TRNS		INVOICE	08/01/2017	Accounts Receivable	Romans -- James, Jeremiah		250		August 2017 Program Fees	N	Y	N					08/01/2017
SPL		INVOICE	08/01/2017	Program Fees:Program Fees - Romans			-250		August 2017 Program Fees	N	-1	250	Program Fee:. Romans	N		0	0
ENDTRNS																	
TRNS		INVOICE	08/01/2017	Accounts Receivable	Romans -- Mendoza, Curtis		500		August 2017 Program Fees	N	Y	N					08/01/2017
SPL		INVOICE	08/01/2017	Program Fees:Program Fees - Romans			-500		August 2017 Program Fees	N	-1	500	Program Fee:. Romans	N		0	0
ENDTRNS																	
TRNS		INVOICE	08/01/2017	Accounts Receivable	Romans -- Napyer, Gerald		500		August 2017 Program Fees	N	Y	N					08/01/2017
SPL		INVOICE	08/01/2017	Program Fees:Program Fees - Romans			-500		August 2017 Program Fees	N	-1	500	Program Fee:. Romans	N		0	0
ENDTRNS																	
TRNS		INVOICE	08/01/2017	Accounts Receivable	Zion -- Baker, Charles		500		August 2017 Program Fees	N	Y	N					08/01/2017
SPL		INVOICE	08/01/2017	Program Fees:Program Fees - Zion			-500		August 2017 Program Fees	N	-1	500	Program Fee:. Zion	N		0	0
ENDTRNS																	
TRNS		INVOICE	08/01/2017	Accounts Receivable	Zion -- Bevers, David		500		August 2017 Program Fees	N	Y	N					08/01/2017
SPL		INVOICE	08/01/2017	Program Fees:Program Fees - Zion			-500		August 2017 Program Fees	N	-1	500	Program Fee:. Zion	N		0	0
ENDTRNS																	
TRNS		INVOICE	08/01/2017	Accounts Receivable	Zion -- Earl, Jerome		500		August 2017 Program Fees	N	Y	N					08/01/2017
SPL		INVOICE	08/01/2017	Program Fees:Program Fees - Zion			-500		August 2017 Program Fees	N	-1	500	Program Fee:. Zion	N		0	0
ENDTRNS																	
TRNS		INVOICE	08/01/2017	Accounts Receivable	Zion -- Giedd, Jacob		500		August 2017 Program Fees	N	Y	N					08/01/2017
SPL		INVOICE	08/01/2017	Program Fees:Program Fees - Zion			-500		August 2017 Program Fees	N	-1	500	Program Fee:. Zion	N		0	0
ENDTRNS																	
TRNS		INVOICE	08/01/2017	Accounts Receivable	Zion -- Grubbs, Alvin		500		August 2017 Program Fees	N	Y	N					08/01/2017
SPL		INVOICE	08/01/2017	Program Fees:Program Fees - Zion			-500		August 2017 Program Fees	N	-1	500	Program Fee:. Zion	N		0	0
ENDTRNS																	
TRNS		INVOICE	08/01/2017	Accounts Receivable	Zion -- John, Darrell		500		August 2017 Program Fees	N	Y	N					08/01/2017
SPL		INVOICE	08/01/2017	Program Fees:Program Fees - Zion			-500		August 2017 Program Fees	N	-1	500	Program Fee:. Zion	N		0	0
ENDTRNS																	
TRNS		INVOICE	08/01/2017	Accounts Receivable	Zion -- Kelly, Glenn		500		August 2017 Program Fees	N	Y	N					08/01/2017
SPL		INVOICE	08/01/2017	Program Fees:Program Fees - Zion			-500		August 2017 Program Fees	N	-1	500	Program Fee:. Zion	N		0	0
ENDTRNS																	
TRNS		INVOICE	08/01/2017	Accounts Receivable	Zion -- Martin, Michael		500		August 2017 Program Fees	N	Y	N					08/01/2017
SPL		INVOICE	08/01/2017	Program Fees:Program Fees - Zion			-500		August 2017 Program Fees	N	-1	500	Program Fee:. Zion	N		0	0
ENDTRNS																	
TRNS		INVOICE	08/01/2017	Accounts Receivable	Zion -- Martin, Robert		500		August 2017 Program Fees	N	Y	N					08/01/2017
SPL		INVOICE	08/01/2017	Program Fees:Program Fees - Zion			-500		August 2017 Program Fees	N	-1	500	Program Fee:. Zion	N		0	0
ENDTRNS																	
TRNS		INVOICE	08/01/2017	Accounts Receivable	Zion -- Martin, Waylon		500		August 2017 Program Fees	N	Y	N					08/01/2017
SPL		INVOICE	08/01/2017	Program Fees:Program Fees - Zion			-500		August 2017 Program Fees	N	-1	500	Program Fee:. Zion	N		0	0
ENDTRNS																	
TRNS		INVOICE	08/01/2017	Accounts Receivable	Zion -- Morton, Anthony		500		August 2017 Program Fees	N	Y	N					08/01/2017
SPL		INVOICE	08/01/2017	Program Fees:Program Fees - Zion			-500		August 2017 Program Fees	N	-1	500	Program Fee:. Zion	N		0	0
ENDTRNS																	
TRNS		INVOICE	08/01/2017	Accounts Receivable	Zion -- Nicholls, Richard		500		August 2017 Program Fees	N	Y	N					08/01/2017
SPL		INVOICE	08/01/2017	Program Fees:Program Fees - Zion			-500		August 2017 Program Fees	N	-1	500	Program Fee:. Zion	N		0	0
ENDTRNS																	
TRNS		INVOICE	08/01/2017	Accounts Receivable	Zion -- OBrien, Michael		500		August 2017 Program Fees	N	Y	N					08/01/2017
SPL		INVOICE	08/01/2017	Program Fees:Program Fees - Zion			-500		August 2017 Program Fees	N	-1	500	Program Fee:. Zion	N		0	0
ENDTRNS																	
TRNS		INVOICE	08/01/2017	Accounts Receivable	Zion -- Shreck, Nicholas		500		August 2017 Program Fees	N	Y	N					08/01/2017
SPL		INVOICE	08/01/2017	Program Fees:Program Fees - Zion			-500		August 2017 Program Fees	N	-1	500	Program Fee:. Zion	N		0	0
ENDTRNS																	
TRNS		INVOICE	08/01/2017	Accounts Receivable	Zion -- Smith, Jerry		500		August 2017 Program Fees	N	Y	N					08/01/2017
SPL		INVOICE	08/01/2017	Program Fees:Program Fees - Zion			-500		August 2017 Program Fees	N	-1	500	Program Fee:. Zion	N		0	0
ENDTRNS																	
TRNS		INVOICE	08/01/2017	Accounts Receivable	Zion -- White, Kenneth		500		August 2017 Program Fees	N	Y	N					08/01/2017
SPL		INVOICE	08/01/2017	Program Fees:Program Fees - Zion			-500		August 2017 Program Fees	N	-1	500	Program Fee:. Zion	N		0	0
ENDTRNS																	
