!CUST,NAME,REFNUM,TIMESTAMP,BADDR1,BADDR2,BADDR3,BADDR4,BADDR5,SADDR1,SADDR2,SADDR3,SADDR4,SADDR5,PHONE1,PHONE2,FAXNUM,EMAIL,NOTE,CONT1,CONT2,CTYPE,TERMS,TAXABLE,SALESTAXCODE,LIMIT,RESALENUM,REP,TAXITEM,NOTEPAD,SALUTATION,COMPANYNAME,FIRSTNAME,MIDINIT,LASTNAME,CUSTFLD1,CUSTFLD2,CUSTFLD3,CUSTFLD4,CUSTFLD5,CUSTFLD6,CUSTFLD7,CUSTFLD8,CUSTFLD9,CUSTFLD10,CUSTFLD11,CUSTFLD12,CUSTFLD13,CUSTFLD14,CUSTFLD15,JOBDESC,JOBTYPE,JOBSTATUS,JOBSTART,JOBPROJEND,JOBEND,HIDDEN,DELCOUNT,PRICELEVEL
CUST,"%%Joshua -- Michael, Dean",762,1460397174,Dean T Michael,Joshua House,13204 Military Rd S,"Tukwila, WA 98168",,,,,,,360-480-2990,,,howard.powell@hom.church,,,,Terminated,Due by the 1st of Month,N,,,,,,,,,Dean,T,Michael,04/13/2016,8/1/2016,,,Joshua,353442,03/27/90,CCO Iris Peterson,Y,,,,,,,,,0,,,,Y,0,
CUST,"@Galatians -- Wright, Michael",893,1468442073,Michael Wright,Galatians House,1819 W Gardner Ave,Spokane WA 99201,,,,,,,,,,laurie.hunt@hom.church,,,,Program Participant,Due by the 1st of Month,N,,,,,,,,,Michael,,Wright,7/14/2016,,,,Galatians,739619,7/13/1976,CCO Anjanette Hughes,Y,,,,,,,,,0,,,,N,0,
CUST,"@James -- Alger, Eric Paul",898,1468856692,Eric Alger,James House,1825 W Gardner Ave,"Spokane, WA 99201",,,,,,,,,,laurie.hunt@hom.church,,,,Left Program,Due by the 1st of Month,N,,,,DOC Voucher:4:DV,,,,DOC Voucher 10/17/2016,Eric,,Alger,7/18/2016,8/21/2016,,,James,330088,2/27/1988,CCO Maura Jackson,Y,,,,,,,,,0,,,,Y,0,
CUST,"@Philippians -- Frayley, Larry",305,1422903514,Larry Frayley,Philippians House,2220 West Dean Ave,Spokane WA 99201,,,,,,,253-448-1230,,,laurie.hunt@hom.church,,,,Terminated,Due by the 1st of Month,N,,,,,,,,,Larry,,Frayley,04/29/16,8/29/2016,02/16/15,12/31/15,Philippians,981928,01/26/59,CCO Ryan King,Y,,,,,,,,,0,,,,Y,0,
CUST,"1 Timothy -- Weeks, Larry",918,1470163630,Larry Weeks,1 Timothy House,10327 51st Ave S,"Tukwila, WA 98178",,,,,,,,,,doug.lockett@hom.church,,,,Program Participant,Due by the 1st of Month,N,,,,,,,,,Larry,,Weeks,8/1/2016,,,,1 Timothy,325185,3/28/1987,CCO Thomas Leibrand,N,,,,,,,,,0,,,,N,0,
CUST,"2 Timothy -- Bell, Dustin",1,1421969788,Dustin Bell,2 Timothy House,10327 51st Ave S (Rear),"Tukwila, WA 98178",,,,,,,,,,dustin.bell@hom.church,,,,Left Program,Due by the 1st of Month,N,Non,,,,,Dustin moved from Kent House\n407 Raildroad Ave S \nKent 98032\nAug-2013,,Private Pay,Dustin,,Bell,01/11/13,6/1/2016,,,2 Timothy,771470,03/28/73,CCO Jeff Moen,N,,,,,,,,,0,,,,Y,0,
CUST,"Barnabus -- Busch, Majacque",35,1421969788,Majacque Busch,4421 S 146th St,"Tukwila, WA 98168",,,,,,,,,,,,,,,Inactive,Due by the 1st of Month,N,Non,,,,,"2/4/2014 10:22:40 AM:  Receipt # 504450.  Pastor James is holding this receipt along with $50.00 cash for participant. He may be getting financial assistance, if he does, Pastor is going to  give him back the $50.00 and void the receipt. If not, it is going to be input into quickbooks. \n***********************************************************************",,,Majacque,,Busch,01/26/14,03/07/14,,,Barnabas,,,,,,,,,,,,,0,,,,Y,0,
CUST,"Genesis 1 - 3029 - Zachary, Willsey",148,1421969791,Zachary & Alicia Willsey,Genesis 1 House,3029 S 224th Pl,"Des Moines, WA 98198",,,,,,,206-992-6795,,,zac.willsey@gmail.com,,,,Non Transitional Housing,Due by the 1st of Month,N,Non,,,,,,,,Zachary,,Willsey,02/06/16,,04/23/12,02/06/16,Genesis 1,306091,,,N,,,,,,,,,0,,,,N,0,
CUST,"Genesis 3 - 3055 - Falkowski, Denise",671,1454187032,Denise Falkowski,Genesis 3 House,3055 S 224th Pl,"Des Moines, WA 98198",,,,,,,9192212395,,,falkowski6214@gmail.com,,,,Inactive,Due by the 1st of Month,N,,,,,,,,,Denise,,Falkowski,02/01/16,,,,Genesis 3,,,,N,,,,,,,,,0,,,,Y,0,
CUST,"Genesis 4 - 3045 - Argaez, Raul Jr.",129,1421969790,Raul Argaez Jr.,Genesis 4 House,3045 S 224th Pl,"Des Moines, WA 98198",,,,,,,,,,mnewitt57@gmail.com,,,,Non Transitional Housing,Due by the 1st of Month,N,Non,,,,,,,,Raul,,Argaez Jr.,03/01/16,,06/14/14,02/29/16,Genesis 4,372610,,CCO Kam Warner,N,,,,,,,,,0,,,,N,0,
CUST,"Israel -- Noonan, Peter",624,1449768559,Peter Noonan,Israel House,3931 S Thistle St,"Seattle, WA 98118",,,,,,,,,,peter.noonan@hom.church,,,,House Leader,Due by the 1st of Month,N,,,,,,,,NO PROGRAM FEES,Peter,,Noonan,2/19/2016,,,,Israel,373203,06/13/84,CCO Shawna Dickerson,Y,,,,,,,,,0,,,,N,0,
CUST,"John -- Ace, Travis",651,1452727789,Travis Ace,John House,2009 E Morton St,"Tacoma, WA 98404",,,,,,,253-632-4867,,,travis.ace@hom.church,,,,House Leader,Due by the 1st of Month,N,,,,,,,,HEN,Travis,,Ace,01/14/16,,,,John,899739,03/11/72,CCO Steve Pyka,Y,,,,,,,,,0,,,,N,0,
CUST,"John -- Patee, Raymond",636,1451586331,Raymond Patee,John House,2009 E Morton St,"Tacoma, WA 98404",,,,,,,253-632-4867,,,travis.ace@hom.church,,,,Program Participant,Due by the 1st of Month,N,,,,,,,,HEN/DOC,Raymond,,Patee,1/1/16,,,,John,870234,02/13/85,CCO Ethan Green,N,,,,,,,,,0,,,,N,0,
CUST,"Joshua -- Carter, Tre",820,1464021763,Tre Carter,Joshua House,13204 Military Rd S,"Tukwila, WA 98168",,,,,,,,,,chuck.thale@hom.church,,,,Terminated,Due by the 1st of Month,N,,,,DOC Voucher:4:DV,,,,DOC Voucher 08/23/16,Tre,,Carter,,,,,Joshua,371100,10/21/93,,,,,,,,,,,0,,,,Y,0,
CUST,"Joshua -- Champagne, John",192,1421969792,John Champagne,Joshua House,13204 Military Rd S,"Tukwila, WA 98168",,,,,,,,,,chuck.thale@houseofmercyministries.net,,John Champagne,,Left Program,Due by the 1st of Month,N,Non,,,,,,,,John,,Champagne,08/01/10,05/09/16,,,Joshua,860470,04/10/67,CCO Kristina Hanks,N,,,,,,,,,0,,,,Y,0,
CUST,"Joshua -- Coleman, Johnny",788,1461691425,Johnny Coleman,Joshua House,13204 Military Rd S,"Tukwila, WA 98168",,,,,,,206-349-0030,,,tony.fazzino@hom.church,,,,Program Participant,Due by the 1st of Month,N,,,,,,,,,Johnny,,Coleman,04/26/16,,,,Joshua,831621,02/18/57,CCO Jessica Amaya,N,,,,,,,,,0,,,,N,0,
CUST,"Light -- Cross, Terry",53,1421969789,Terry Cross,Light House,6043 32nd Ave S,"Seattle, WA. 98118",,,,,,,,,,darrell.john@hom.church,,,,Program Participant,Due by the 1st of Month,N,Non,,,,,,,HEN,Terry,,Cross,07/06/14,,,,Light,330885,01/13/63,CCO Jeff Moen,N,,,,,,,,,0,,,,N,0,
CUST,"Light -- Dilka, Charles",54,1421969789,Charles E Dilka,6043 32 Ave So.,"Seattle, WA 98118",,,,,,,,,,,,,,,Inactive,Due by the 1st of Month,N,Non,,,,,,,,Charles,E,Dilka,12/15/14,01/20/15,,,Light,,,,,,,,,,,,,0,,,,Y,0,
CUST,"Light -- John, Darrell",57,1421969789,Darrell John,Light House,6043 32nd Ave S,"Seattle, WA. 98118",,,,,,,,,,darrell.john@hom.church,,,,House Leader,Due by the 1st of Month,N,Non,,,,,,,,Darrell,,John,10/07/14,,,,Light,375319,03/12/75,CCO Samuel Padula,Y,,,,,,,,,0,,,,N,0,
CUST,"Luke -- Wells, Jason",120,1421969790,Jason Wells,Luke House,4109 S 179th St,"SeaTac, WA 98188",,,,,,,,,,jason.wells@hom.church,,,,House Leader,Due by the 1st of Month,N,Non,,,,,,,NO PROGRAM FEES,Jason,,Wells,07/13/11,,,,Luke,,11/26/74,,N,,,,,,,,,0,,,,N,0,
CUST,"Luke -- Yewondwossen, Abetew",911,1469557268,Abetew Yewondwossen,Luke House,4109 S 179th St,"Seatac, WA 98188",,,,,,,,,,jason.wells@hom.church,,,,Program Participant,Due by the 1st of Month,N,,,,,,,,,Abetew,,Yewondwossen,7/26/2016,,,,Luke,,9/4/1989,,,,,,,,,,,0,,,,N,0,
CUST,"Mark -- Guevara, Kevin",621,1449698691,Kevin Guevara,Mark House,1457 S Kent Des Moines Rd,"Des Moines, WA. 98198",,,,,,,,,,rafael.kauffman@hom.church,,,,Terminated,Due by the 1st of Month,N,,,,,,Applied for FareStart program 2/29/16,,,Kevin,,Guevara,12/07/15,8/1/2016,,,Mark,383594,07/11/93,CCO Jeremy Praven,Y,,,,,,,,,0,,,,Y,0,
CUST,"Mark -- Hairelson, Richard",137,1421969791,Richard Hairelson,1457 S Kent-Des Moines Rd,"Des Moines, WA 98198",,,,,,,,,,,,,,,Inactive,Due by the 1st of Month,N,Non,,,,,,,,Richard,,Hairelson,03/31/14,04/08/14,,,Mark,,,,,,,,,,,,,0,,,,Y,0,
CUST,"Mark -- Holmes, Isaac",484,1436307649,Isaac Holmes,Mark House,1457 S Kent Des Moines Rd,"Des Moines, WA 98198",,,,,,,,,,rafael.kauffman@hom.church,,,,Terminated,Due by the 1st of Month,N,,,,,,,,,Isaac,,Holmes,07/08/15,8/23/2016,,,Mark,380882,12/14/80,CCO Jeff Moen,Y,,,,,,,,,0,,,,Y,0,
CUST,"Mark -- Kauffman, Rafael",607,1447439710,Rafael Kauffman,Mark House,1457 S Kent Des Moines Rd,"Des Moines, WA 98198",,,,,,,,,,rafael.kauffman@hom.church,,,,House Leader,Due by the 1st of Month,N,,,,,,,,,Rafael,,Kauffman,11/12/15,,,,Mark,353629,10/25/78,CCO Leon Neal,Y,,,,,,,,,0,,,,N,0,
CUST,Matthew -- Ryan Carpenter,224,1421969792,Ryan Carpenter,22426 30th Ave S.,"Des Moines, WA 98198",,,,,,,,,,,mike.newitt@houseofmercyministries.net,,,,Left Program,Due by the 1st of Month,N,Non,,,,,,,,Ryan,,Carpenter,12/31/14,09/17/15,,,Matthew,359408,,,,,,,,,,,,0,,,,Y,0,
CUST,"Matthew -- Sorensen, Russell",748,1459454217,Russell Sorensen,Matthew House,22426 30th Ave S,"Des Moines, WA 98198",,,,,,,253-478-0314,,206-878-8421,russ.sorensen@hom.church,,,,House Leader,Due by the 1st of Month,N,,,,CCO Jaune Sonnier:4:CJS,,,,,Russell,,Sorensen,4/4/2016,,,,Matthew,353159,04/09/62,CCO Jaune Sonnier,Y,,,,,,,,,0,,,,N,0,
CUST,"Matthew -- VanGuilder, Robert",499,1437499291,Robert F VanGuilder,Matthew House,22426 30th Ave S.,"Des Moines, WA 98198",,,,,,,,,,russell.sorensen@hom.church,,,,Program Participant,Due by the 1st of Month,N,,,,,,,,,Robert,F,VanGuilder,07/30/15,,,,Matthew,792649,06/13/73,CCO Jill Rosendahl,N,,,,,,,,,0,,,,N,0,
CUST,"Paul -- Poffenberger, Zachary",876,1467392862,Zachary Poffenberger,Paul House,4044 S 128th St,"Tukwila, WA 98168",,,,,,,,,,marco.arredondo@hom.church,,,,Terminated,Due by the 1st of Month,N,,,,DOC Voucher:4:DV,,,,DOC Voucher 9/29/2016,Zachary,,Poffenberger,6/30/2016,9/30/16,,,Paul,362780,8/5/1988,CCO Kristina Hanks,Y,,,,,,,,,0,,,,Y,0,
CUST,"Paul -- Reed, Randall",204,1421969792,Randall Reed,Paul House,4044 S 128th St,"Tukwila, WA 98168",,,,,,,,,,marco.arredondo@hom.church,,,,Left Program,Due by the 1st of Month,N,Non,,,,,,,,Randall,,Reed,10/01/13,9/30/16,,,Paul,287477,06/09/54,CCO Kristina Hanks,N,,,,,,,,,0,,,,Y,0,
CUST,"Paul -- Ritchey, Frederick",420,1429549550,Frederick Ritchey,Paul House,4044 S 128th St,"Tukwila, WA 98168",,,,,,,,,,rusty.thomas@hom.church,,,,Program Participant,Due by the 1st of Month,N,,,,,,,,,Frederick,,Ritchey,04/20/15,,,,Paul,333140,02/21/89,CCO Kristina Hanks,Y,,,,,,,,,0,,,,N,0,
CUST,"Romans -- James, Jeremiah",230,1421969792,Jeremiah James,Romans House,4706 S 172nd St,"SeaTac, WA 98188",,,,,,,,,,jeremiah.james@hom.church,,,,House Leader,Due by the 1st of Month,N,Non,,,,,,,,Jeremiah,,James,06/14/14,,,,Romans,,05/13/84,,N,,,,,,,,,0,,,,N,0,
CUST,"Romans -- Lalum, Jon",231,1421969792,Jon Lalum,Romans House,4706 S 172nd St,"SeaTac, WA 98188",,,,,,,,,,jeremiah.james@hom.church,,,,Program Participant,Due by the 1st of Month,N,Non,,,,,,,NO PROGRAM FEES,Jon,,Lalum,09/23/14,,,,Romans,335739,09/15/81,CCO Fred Johnson,N,,,,,,,,,0,,,,N,0,
CUST,"Zion -- Armijo, Samuel",928,1470413381,Samuel Armijo,Zion House,7901 49th Ave. S,Seattle WA 98118,,,,,,,,,,chuck.thale@hom.church,,,,Pending New Arrivals,Due by the 1st of Month,N,,,,,,,,,Samuel,,Armijo,,,,,Zion,335123,6/12/1970,,Y,,,,,,,,,0,,,,N,0,
CUST,"Zion -- Beckenhauer, Ken",411,1428949634,Ken Beckenhauer,Zion House,7901 49th Ave. S,Seattle WA 98118,,,,,,,,,,chuck.thale@hom.church,,,,Program Participant,Due by the 1st of Month,N,,,,,,250 Dollars each week until December 1st. Then 125 a week after that.,,,Ken,,Beckenhauer,08/22/2016,,,,Zion,891261,09/12/81,CCO Tyler D'Souza,,,,,,,,,,0,,,,N,0,
CUST,"Zion -- Thale, Glen",61,1421969789,Glen Thale,Zion House,7901 49th Ave. S,Seattle WA 98118,,,,,,,,,,chuck.thale@hom.church,,,,House Leader,Due by the 1st of Month,N,Non,,,,,,,NO PROGRAM FEES,Glen,,Thale,07/06/14,,,,Zion,375319,07/4/55,CCO Jeff Moen,N,,,,,,,,,0,,,,N,0,
CUST,"Zion -- White, John",819,1464021323,John White,Zion House,7901 49th Ave. S,Seattle WA 98118,,,,,,,,,,chuck.thale@hom.church,,,,Program Participant,Due by the 1st of Month,N,,,,,,,,HEN,John,,White,05/26/2016,,,,Zion,334739,01/14/86,CCO Shawna Dickerson,N,,,,,,,,,0,,,,N,0,
CUST,"Zion -- White, Kenneth",865,1467045766,Kenneth F White,Zion House,7901 49th Ave. S,Seattle WA 98118,,,,,,,,,,chuck.thale@hom.church,,,,Program Participant,Due by the 1st of Month,N,,,,,,,,HEN,Kenneth,F,White,6/25/16,,,,Zion,42018-086,4/22/1954,USPO Lisimba Jackson,?,,,,,,,,,0,,,,N,0,
